[
    {
        "image_name": "telegram1.png",
        "google_template3": false,
        "google_template2": false,
        "google_template1": false,
        "discord_template3": false,
        "discord_template1": false,
        "telegram_template2": false,
        "google_template5": false,
        "discord_template4": false,
        "google_template4": false,
        "telegram_template1": true,
        "discord_template2": false,
        "telegram_template3": false,
        "discord_template5": false,
        "flagged_roi": [],
        "queries": [
            {
                "processed_image": "flagged_roi_telegram1_1.png",
                "query": "a DN SSPE)",
                "label": "__label__others",
                "probability": "1.00001"
            },
            {
                "processed_image": "flagged_roi_telegram1_2.png",
                "query": "oe a EE",
                "label": "__label__others",
                "probability": "1.00001"
            },
            {
                "processed_image": "flagged_roi_telegram1_2.png",
                "query": "OULU LeeamM SMM cere C0) 0 UKSTA0|oemSL0 Tee | =a",
                "label": "__label__others",
                "probability": "1.00001"
            },
            {
                "processed_image": "flagged_roi_telegram1_6.png",
                "query": "#9) When was the last time you bought from ar...",
                "label": "__label__conversation",
                "probability": "0.997577"
            },
            {
                "processed_image": "flagged_roi_telegram1_8.png",
                "query": "Not planning to",
                "label": "__label__others",
                "probability": "0.82881"
            },
            {
                "processed_image": "flagged_roi_telegram1_8.png",
                "query": "Not planning to",
                "label": "__label__conversation",
                "probability": "0.17121"
            },
            {
                "processed_image": "flagged_roi_telegram1_9.png",
                "query": "hi Prof, are you free for a Zoom session tomorrow? ...",
                "label": "__label__conversation",
                "probability": "0.976152"
            },
            {
                "processed_image": "flagged_roi_telegram1_10.png",
                "query": "So ee Rare goer",
                "label": "__label__conversation",
                "probability": "0.64828"
            },
            {
                "processed_image": "flagged_roi_telegram1_10.png",
                "query": "So ee Rare goer",
                "label": "__label__others",
                "probability": "0.35174"
            },
            {
                "processed_image": "flagged_roi_telegram1_11.png",
                "query": "Pees era es olN a er seeed",
                "label": "__label__others",
                "probability": "1.00001"
            },
            {
                "processed_image": "flagged_roi_telegram1_12.png",
                "query": "Page a CSRs a geben Ora",
                "label": "__label__others",
                "probability": "1.00001"
            },
            {
                "processed_image": "flagged_roi_telegram1_14.png",
                "query": "a Pred",
                "label": "__label__others",
                "probability": "1.00001"
            },
            {
                "processed_image": "flagged_roi_telegram1_16.png",
                "query": "Jareth: J 10.40 each",
                "label": "__label__conversation",
                "probability": "0.938006"
            }
        ]
    }
]